images/1487260307_10.jpg;"Свадьба.<br>Павел и Дарья.<br>Хэллоуин 14-го года.";1487260307
images/1487260309_10.jpg;"Свадьба.<br>Павел и Дарья.<br>Хэллоуин 14-го года.";1487260309
images/1487260381_10.jpg;"Свадьба.<br>Павел и Дарья.<br>Хэллоуин 14-го года.";1487260381
images/1487260429_10.jpg;"Свадьба.<br>Павел и Дарья.<br>Хэллоуин 14-го года.";1487260430
images/1487260485_10.jpg;"Свадьба.<br>Павел и Дарья.<br>Хэллоуин 14-го года.";1487260485
images/1487260506_10.jpg;"Свадьба.<br>Павел и Дарья.<br>Хэллоуин 14-го года.";1487260506
images/1487261438_9.jpg;"zsdg sdgnsdgn";1487261438
images/1487261448_2.jpg;asbasgmmdmy;1487261448
images/1487261470_2.jpg;asbasgmmdmy;1487261470
images/1487261485_2.jpg;asbasgmmdmy;1487261485
